"","Study_Area","Area_ha","Transect_ID","Transect_Length_km","Flight_Path","Date","Female","Fawn","Male_Young","Male_Middle","Male_Mature","Male_Unkown","Unknown","Direction_clock","Detection_Distance","Survey_Time","Degree","Perpendicular_Distance","Group_size","Males"
"1","La Copita Ranch",1096.698,10,1.25,"N2S","9/8/2023",0,0,0,1,0,0,0,1,40,"Evening",210,20,1,1
"2","La Copita Ranch",1096.698,8,4.84,"N2S","9/8/2023",0,0,2,0,0,0,0,1,20,"Evening",210,10,2,2
"3","La Copita Ranch",1096.698,7,4.79,"S2N","9/8/2023",2,0,0,0,0,0,0,2,25,"Evening",60,22,2,0
"4","La Copita Ranch",1096.698,7,4.79,"S2N","9/8/2023",1,0,0,0,0,0,0,3,50,"Evening",90,50,1,0
"5","La Copita Ranch",1096.698,6,4.74,"N2S","9/8/2023",0,0,0,1,0,0,0,2,50,"Evening",240,43,1,1
"6","La Copita Ranch",1096.698,6,4.74,"N2S","9/8/2023",1,1,0,0,0,0,0,2,20,"Evening",240,17,2,0
"7","La Copita Ranch",1096.698,5,4.68,"S2N","9/8/2023",1,0,0,0,0,0,0,4,20,"Evening",120,17,1,0
"8","La Copita Ranch",1096.698,5,4.68,"S2N","9/8/2023",0,1,0,0,0,0,0,2,40,"Evening",60,35,1,0
"9","La Copita Ranch",1096.698,4,4.99,"N2S","9/8/2023",1,1,0,0,0,0,0,12,60,"Evening",180,0,2,0
"10","La Copita Ranch",1096.698,3,4.99,"S2N","9/8/2023",0,1,0,0,0,0,0,4,15,"Evening",120,13,1,0
"11","La Copita Ranch",1096.698,3,4.99,"S2N","9/8/2023",1,1,0,0,0,0,0,2,60,"Evening",60,52,2,0
"12","La Copita Ranch",1096.698,2,4.99,"N2S","9/8/2023",0,0,1,0,0,0,0,3,15,"Evening",270,15,1,1
"13","La Copita Ranch",1096.698,2,4.99,"N2S","9/8/2023",1,0,0,0,0,0,0,12,0,"Evening",180,0,1,0
"14","La Copita Ranch",1096.698,1,2.94,"S2N","9/8/2023",2,0,0,0,0,0,2,3,5,"Evening",90,5,4,0
"15","La Copita Ranch",1096.698,1,2.94,"S2N","9/8/2023",1,0,0,0,0,0,0,2,20,"Evening",60,17,1,0
"16","La Copita Ranch",1096.698,1,2.94,"S2N","9/8/2023",1,1,0,0,0,0,0,2,10,"Evening",60,9,2,0
"17","La Copita Ranch",1096.698,10,1.25,"N2S","9/8/2023",0,0,0,1,0,0,0,9,60,"Evening",90,60,1,1
"18","La Copita Ranch",1096.698,8,4.84,"N2S","9/8/2023",0,0,0,1,0,0,0,9,15,"Evening",90,15,1,1
"19","La Copita Ranch",1096.698,8,4.84,"N2S","9/8/2023",2,1,0,0,0,0,0,12,0,"Evening",180,0,3,0
"20","La Copita Ranch",1096.698,7,4.79,"S2N","9/8/2023",0,0,0,2,0,0,0,9.5,60,"Evening",285,58,2,2
"21","La Copita Ranch",1096.698,7,4.79,"S2N","9/8/2023",1,0,0,0,0,0,0,11,15,"Evening",330,7,1,0
"22","La Copita Ranch",1096.698,7,4.79,"S2N","9/8/2023",1,0,0,0,0,0,0,9,20,"Evening",270,20,1,0
"23","La Copita Ranch",1096.698,7,4.79,"S2N","9/8/2023",1,0,0,0,0,0,0,10,40,"Evening",300,35,1,0
"24","La Copita Ranch",1096.698,7,4.79,"S2N","9/8/2023",0,1,0,0,0,0,0,11,40,"Evening",330,20,1,0
"25","La Copita Ranch",1096.698,6,4.74,"N2S","9/8/2023",1,1,0,0,0,0,0,10.5,40,"Evening",135,28,2,0
"26","La Copita Ranch",1096.698,5,4.68,"S2N","9/8/2023",1,2,0,0,0,0,0,12,0,"Evening",0,0,3,0
"27","La Copita Ranch",1096.698,5,4.68,"S2N","9/8/2023",1,0,0,0,0,0,0,10,35,"Evening",300,30,1,0
"28","La Copita Ranch",1096.698,4,4.99,"N2S","9/8/2023",0,0,0,1,0,0,0,11,40,"Evening",150,20,1,1
"29","La Copita Ranch",1096.698,4,4.99,"N2S","9/8/2023",0,0,0,1,0,0,0,10.5,25,"Evening",135,18,1,1
"30","La Copita Ranch",1096.698,3,4.99,"S2N","9/8/2023",1,1,0,0,0,0,0,10.5,80,"Evening",315,57,2,0
"31","La Copita Ranch",1096.698,3,4.99,"S2N","9/8/2023",1,1,0,0,0,0,0,12,0,"Evening",0,0,2,0
"32","La Copita Ranch",1096.698,3,4.99,"S2N","9/8/2023",1,0,0,0,0,0,0,9,0,"Evening",270,0,1,0
"33","La Copita Ranch",1096.698,3,4.99,"S2N","9/8/2023",2,1,0,1,0,0,0,9,5,"Evening",270,5,4,1
"34","La Copita Ranch",1096.698,3,4.99,"S2N","9/8/2023",1,1,0,0,0,0,0,9,5,"Evening",270,5,2,0
"35","La Copita Ranch",1096.698,2,4.99,"N2S","9/8/2023",0,1,0,0,0,0,0,11,10,"Evening",150,5,1,0
"36","La Copita Ranch",1096.698,2,4.99,"N2S","9/8/2023",0,1,0,0,0,0,0,9,60,"Evening",90,60,1,0
"37","La Copita Ranch",1096.698,1,2.94,"S2N","9/8/2023",0,0,0,2,0,0,0,3,10,"Evening",90,10,2,2
"38","La Copita Ranch",1096.698,12,1.25,"N2S","9/8/2023",1,0,0,0,0,0,0,9,90,"Evening",90,90,1,0
"39","La Copita Ranch",1096.698,1,2.94,"S2N","9/9/2023",0,0,0,1,0,0,0,1,15,"Morning",30,7,1,1
"40","La Copita Ranch",1096.698,1,2.94,"S2N","9/9/2023",1,1,0,0,0,0,0,3,10,"Morning",90,10,2,0
"41","La Copita Ranch",1096.698,1,2.94,"S2N","9/9/2023",2,1,0,0,0,0,0,3,15,"Morning",90,15,3,0
"42","La Copita Ranch",1096.698,1,2.94,"S2N","9/9/2023",2,1,0,0,0,0,0,2,25,"Morning",60,22,3,0
"43","La Copita Ranch",1096.698,2,4.99,"N2S","9/9/2023",0,0,0,1,0,0,0,12,0,"Morning",180,0,1,1
"44","La Copita Ranch",1096.698,2,4.99,"N2S","9/9/2023",1,0,0,0,0,0,0,2,45,"Morning",240,39,1,0
"45","La Copita Ranch",1096.698,3,4.99,"S2N","9/9/2023",0,0,1,0,0,0,0,12,0,"Morning",0,0,1,1
"46","La Copita Ranch",1096.698,3,4.99,"S2N","9/9/2023",0,0,0,1,0,0,0,3,80,"Morning",90,80,1,1
"47","La Copita Ranch",1096.698,4,4.99,"N2S","9/9/2023",2,1,0,0,0,0,0,10,1,"Morning",120,1,3,0
"48","La Copita Ranch",1096.698,4,4.99,"N2S","9/9/2023",1,0,0,0,0,0,0,2,75,"Morning",240,65,1,0
"49","La Copita Ranch",1096.698,5,4.68,"S2N","9/9/2023",1,1,0,0,0,0,0,3,60,"Morning",90,60,2,0
"50","La Copita Ranch",1096.698,5,4.68,"S2N","9/9/2023",2,0,0,0,0,0,0,3,50,"Morning",90,50,2,0
"51","La Copita Ranch",1096.698,5,4.68,"S2N","9/9/2023",0,1,0,0,0,0,0,12.5,15,"Morning",15,4,1,0
"52","La Copita Ranch",1096.698,5,4.68,"S2N","9/9/2023",1,0,0,0,0,0,0,2,80,"Morning",60,71,1,0
"53","La Copita Ranch",1096.698,6,4.74,"N2S","9/9/2023",2,0,0,0,0,0,0,2,75,"Morning",240,65,2,0
"54","La Copita Ranch",1096.698,6,4.74,"N2S","9/9/2023",2,1,0,0,0,0,0,1,10,"Morning",210,5,3,0
"55","La Copita Ranch",1096.698,7,4.79,"S2N","9/9/2023",0,0,0,0,1,0,0,3,30,"Morning",90,30,1,1
"56","La Copita Ranch",1096.698,7,4.79,"S2N","9/9/2023",2,2,0,0,0,0,0,3,20,"Morning",90,20,4,0
"57","La Copita Ranch",1096.698,10,1.25,"N2S","9/9/2023",1,1,0,0,0,0,0,2,15,"Morning",240,13,2,0
"58","La Copita Ranch",1096.698,11,1.25,"S2N","9/9/2023",1,0,0,0,0,0,0,12,0,"Morning",0,0,1,0
"59","La Copita Ranch",1096.698,12,1.25,"N2S","9/9/2023",0,0,1,0,0,0,0,12,5,"Morning",180,0,1,1
"60","La Copita Ranch",1096.698,2,4.99,"N2S","9/9/2023",0,0,0,0,0,0,1,11,50,"Morning",150,25,1,0
"61","La Copita Ranch",1096.698,2,4.99,"N2S","9/9/2023",5,2,0,0,0,0,0,1,25,"Morning",210,12,7,0
"62","La Copita Ranch",1096.698,3,4.99,"S2N","9/9/2023",3,0,0,0,0,0,0,11,50,"Morning",330,25,3,0
"63","La Copita Ranch",1096.698,3,4.99,"S2N","9/9/2023",2,0,2,0,0,0,0,11,30,"Morning",330,15,4,2
"64","La Copita Ranch",1096.698,3,4.99,"S2N","9/9/2023",0,0,0,0,0,0,1,9,50,"Morning",270,50,1,0
"65","La Copita Ranch",1096.698,4,4.99,"N2S","9/9/2023",2,0,0,1,0,0,0,9,50,"Morning",90,50,3,1
"66","La Copita Ranch",1096.698,4,4.99,"N2S","9/9/2023",2,0,0,0,0,0,0,9,10,"Morning",90,10,2,0
"67","La Copita Ranch",1096.698,5,4.68,"S2N","9/9/2023",3,0,0,0,0,0,0,11,100,"Morning",330,50,3,0
"68","La Copita Ranch",1096.698,5,4.68,"S2N","9/9/2023",0,0,0,1,0,0,0,9,20,"Morning",270,20,1,1
"69","La Copita Ranch",1096.698,5,4.68,"S2N","9/9/2023",1,1,0,0,0,0,0,12,15,"Morning",0,0,2,0
"70","La Copita Ranch",1096.698,6,4.74,"N2S","9/9/2023",1,0,0,0,0,0,0,10,30,"Morning",120,26,1,0
"71","La Copita Ranch",1096.698,6,4.74,"N2S","9/9/2023",0,0,0,1,0,0,0,12,15,"Morning",180,0,1,1
"72","La Copita Ranch",1096.698,7,4.79,"S2N","9/9/2023",0,0,0,1,0,0,0,9,10,"Morning",270,10,1,1
"73","La Copita Ranch",1096.698,7,4.79,"S2N","9/9/2023",1,1,0,0,0,0,0,12,10,"Morning",0,0,2,0
"74","La Copita Ranch",1096.698,7,4.79,"S2N","9/9/2023",6,0,0,0,0,0,0,11,60,"Morning",330,30,6,0
"75","La Copita Ranch",1096.698,7,4.79,"S2N","9/9/2023",1,1,0,0,0,0,0,12.5,20,"Morning",15,5,2,0
"76","La Copita Ranch",1096.698,7,4.79,"S2N","9/9/2023",2,0,0,0,0,0,0,9,50,"Morning",270,50,2,0
"77","La Copita Ranch",1096.698,8,4.84,"N2S","9/9/2023",1,0,0,0,0,0,0,12.5,20,"Morning",195,5,1,0
"78","La Copita Ranch",1096.698,8,4.84,"N2S","9/9/2023",3,2,0,1,0,0,0,11.5,20,"Morning",165,5,6,1
"79","La Copita Ranch",1096.698,8,4.84,"N2S","9/9/2023",1,0,0,0,0,0,0,10,40,"Morning",120,35,1,0
"80","La Copita Ranch",1096.698,5,4.68,"S2N","2/9/2024",0,0,0,1,0,0,0,9,60,"Evening",270,60,1,1
"81","La Copita Ranch",1096.698,1,2.94,"S2N","2/9/2024",2,0,0,0,0,0,0,8,70,"Evening",240,61,2,0
"82","La Copita Ranch",1096.698,2,4.99,"N2S","2/9/2024",1,0,0,0,0,0,0,8,70,"Evening",60,61,1,0
"83","La Copita Ranch",1096.698,2,4.99,"N2S","2/9/2024",1,0,0,0,0,0,0,4,100,"Evening",300,87,1,0
"84","La Copita Ranch",1096.698,2,4.99,"N2S","2/9/2024",1,0,0,0,0,0,0,11,50,"Evening",150,25,1,0
"85","La Copita Ranch",1096.698,2,4.99,"N2S","2/9/2024",1,0,0,0,0,0,0,3,50,"Evening",270,50,1,0
"86","La Copita Ranch",1096.698,2,4.99,"N2S","2/9/2024",2,0,0,0,0,0,0,10,60,"Evening",120,52,2,0
"87","La Copita Ranch",1096.698,2,4.99,"N2S","2/9/2024",3,0,0,0,0,0,1,9,15,"Evening",90,15,4,0
"88","La Copita Ranch",1096.698,2,4.99,"N2S","2/9/2024",0,0,0,0,0,0,1,3,60,"Evening",270,60,1,0
"89","La Copita Ranch",1096.698,2,4.99,"N2S","2/9/2024",0,0,1,0,0,0,0,3,40,"Evening",270,40,1,1
"90","La Copita Ranch",1096.698,3,4.99,"S2N","2/9/2024",0,0,0,1,0,0,0,2,10,"Evening",60,9,1,1
"91","La Copita Ranch",1096.698,3,4.99,"S2N","2/9/2024",2,0,0,0,0,0,0,8,60,"Evening",240,52,2,0
"92","La Copita Ranch",1096.698,3,4.99,"S2N","2/9/2024",1,1,0,0,0,0,0,4,60,"Evening",120,52,2,0
"93","La Copita Ranch",1096.698,4,4.99,"N2S","2/9/2024",2,1,0,0,0,0,0,10,0,"Evening",120,0,3,0
"94","La Copita Ranch",1096.698,5,4.68,"S2N","2/9/2024",2,0,0,0,0,0,0,2,10,"Evening",60,9,2,0
"95","La Copita Ranch",1096.698,5,4.68,"S2N","2/9/2024",1,0,0,0,0,0,0,1,20,"Evening",30,10,1,0
"96","La Copita Ranch",1096.698,6,4.74,"N2S","2/9/2024",0,0,2,0,0,0,0,9,20,"Evening",90,20,2,2
"97","La Copita Ranch",1096.698,6,4.74,"N2S","2/9/2024",1,0,0,0,0,0,0,2,80,"Evening",240,69,1,0
"98","La Copita Ranch",1096.698,6,4.74,"N2S","2/9/2024",3,1,0,0,0,0,0,12,15,"Evening",180,0,4,0
"99","La Copita Ranch",1096.698,6,4.74,"N2S","2/9/2024",3,0,0,0,0,0,0,1,10,"Evening",210,5,3,0
"100","La Copita Ranch",1096.698,6,4.74,"N2S","2/9/2024",0,0,1,0,0,0,0,1,10,"Evening",210,5,1,1
"101","La Copita Ranch",1096.698,6,4.74,"N2S","2/9/2024",2,0,0,0,0,0,0,12,0,"Evening",180,0,2,0
"102","La Copita Ranch",1096.698,7,4.79,"S2N","2/9/2024",4,0,0,0,0,0,0,12,15,"Evening",0,0,4,0
"103","La Copita Ranch",1096.698,7,4.79,"S2N","2/9/2024",2,0,0,0,0,0,0,2,80,"Evening",60,69,2,0
"104","La Copita Ranch",1096.698,8,4.84,"N2S","2/9/2024",4,0,0,0,0,0,0,12,80,"Evening",180,0,4,0
"105","La Copita Ranch",1096.698,8,4.84,"N2S","2/9/2024",3,0,0,0,0,0,0,2,40,"Evening",240,35,3,0
"106","La Copita Ranch",1096.698,8,4.84,"N2S","2/9/2024",1,0,0,0,0,0,0,12,15,"Evening",180,0,1,0
"107","La Copita Ranch",1096.698,8,4.84,"N2S","2/9/2024",4,0,0,0,0,0,0,2,40,"Evening",240,35,4,0
"108","La Copita Ranch",1096.698,8,4.84,"N2S","2/9/2024",0,0,0,1,0,0,0,2,10,"Evening",240,9,1,1
"109","La Copita Ranch",1096.698,9,1.25,"S2N","2/9/2024",2,0,0,0,0,0,0,10,80,"Evening",300,69,2,0
"110","La Copita Ranch",1096.698,9,1.25,"S2N","2/9/2024",3,0,1,0,0,0,0,3,50,"Evening",90,50,4,1
"111","La Copita Ranch",1096.698,1,2.94,"S2N","2/10/2024",0,1,0,0,0,0,0,2,30,"Morning",60,26,1,0
"112","La Copita Ranch",1096.698,1,2.94,"S2N","2/10/2024",1,0,0,0,0,0,0,6,0,"Morning",180,0,1,0
"113","La Copita Ranch",1096.698,1,2.94,"S2N","2/10/2024",1,0,0,0,0,0,0,10,60,"Morning",300,52,1,0
"114","La Copita Ranch",1096.698,1,2.94,"S2N","2/10/2024",0,2,0,0,0,0,0,2,15,"Morning",60,13,2,0
"115","La Copita Ranch",1096.698,2,4.99,"N2S","2/10/2024",0,0,1,0,0,0,0,11,50,"Morning",150,25,1,1
"116","La Copita Ranch",1096.698,2,4.99,"N2S","2/10/2024",0,0,0,0,0,0,1,9,60,"Morning",90,60,1,0
"117","La Copita Ranch",1096.698,2,4.99,"N2S","2/10/2024",0,0,1,0,0,0,0,2,30,"Morning",240,26,1,1
"118","La Copita Ranch",1096.698,2,4.99,"N2S","2/10/2024",0,0,1,0,0,0,0,10,9,"Morning",120,8,1,1
"119","La Copita Ranch",1096.698,2,4.99,"N2S","2/10/2024",1,1,0,0,0,0,0,12,10,"Morning",180,0,2,0
"120","La Copita Ranch",1096.698,2,4.99,"N2S","2/10/2024",1,0,0,0,0,0,0,9,10,"Morning",90,10,1,0
"121","La Copita Ranch",1096.698,3,4.99,"S2N","2/10/2024",4,2,0,0,0,0,0,12,60,"Morning",0,0,6,0
"122","La Copita Ranch",1096.698,3,4.99,"S2N","2/10/2024",0,0,1,0,0,0,0,1,50,"Morning",30,25,1,1
"123","La Copita Ranch",1096.698,3,4.99,"S2N","2/10/2024",2,1,0,0,0,0,0,9,50,"Morning",270,50,3,0
"124","La Copita Ranch",1096.698,3,4.99,"S2N","2/10/2024",1,0,1,0,0,0,0,10,60,"Morning",300,52,2,1
"125","La Copita Ranch",1096.698,4,4.99,"N2S","2/10/2024",0,0,0,0,0,0,1,7,60,"Morning",30,30,1,0
"126","La Copita Ranch",1096.698,4,4.99,"N2S","2/10/2024",1,0,0,0,0,0,0,10,50,"Morning",120,43,1,0
"127","La Copita Ranch",1096.698,4,4.99,"N2S","2/10/2024",1,0,0,0,0,0,0,11,45,"Morning",150,22,1,0
"128","La Copita Ranch",1096.698,4,4.99,"N2S","2/10/2024",1,0,0,0,0,0,0,8,50,"Morning",60,43,1,0
"129","La Copita Ranch",1096.698,4,4.99,"N2S","2/10/2024",1,1,0,0,0,0,0,12,55,"Morning",180,0,2,0
"130","La Copita Ranch",1096.698,4,4.99,"N2S","2/10/2024",1,0,0,0,0,0,0,3,100,"Morning",270,100,1,0
"131","La Copita Ranch",1096.698,4,4.99,"N2S","2/10/2024",0,0,0,1,0,0,0,8,50,"Morning",60,43,1,1
"132","La Copita Ranch",1096.698,4,4.99,"N2S","2/10/2024",0,0,1,0,0,0,0,3,100,"Morning",270,100,1,1
"133","La Copita Ranch",1096.698,5,4.68,"S2N","2/10/2024",0,0,1,0,0,0,0,2,40,"Morning",60,35,1,1
"134","La Copita Ranch",1096.698,5,4.68,"S2N","2/10/2024",1,0,0,0,0,0,0,7,60,"Morning",210,30,1,0
"135","La Copita Ranch",1096.698,5,4.68,"S2N","2/10/2024",0,1,0,0,0,0,0,3,80,"Morning",90,80,1,0
"136","La Copita Ranch",1096.698,5,4.68,"S2N","2/10/2024",0,0,1,0,0,0,0,7,60,"Morning",210,30,1,1
"137","La Copita Ranch",1096.698,5,4.68,"S2N","2/10/2024",0,1,0,0,0,0,0,3,75,"Morning",90,75,1,0
"138","La Copita Ranch",1096.698,5,4.68,"S2N","2/10/2024",2,1,0,0,0,0,0,1,30,"Morning",30,15,3,0
"139","La Copita Ranch",1096.698,6,4.74,"N2S","2/10/2024",1,1,0,0,0,0,0,3,100,"Morning",270,100,2,0
"140","La Copita Ranch",1096.698,6,4.74,"N2S","2/10/2024",0,0,1,0,0,0,0,11,80,"Morning",150,40,1,1
"141","La Copita Ranch",1096.698,6,4.74,"N2S","2/10/2024",0,0,0,1,0,0,0,12,30,"Morning",180,0,1,1
"142","La Copita Ranch",1096.698,6,4.74,"N2S","2/10/2024",1,1,0,1,0,0,0,3,60,"Morning",270,60,3,1
"143","La Copita Ranch",1096.698,6,4.74,"N2S","2/10/2024",1,0,0,0,0,0,0,1,50,"Morning",210,25,1,0
"144","La Copita Ranch",1096.698,6,4.74,"N2S","2/10/2024",2,0,0,0,0,0,0,7,60,"Morning",30,30,2,0
"145","La Copita Ranch",1096.698,6,4.74,"N2S","2/10/2024",2,1,0,0,0,0,0,8,50,"Morning",60,43,3,0
"146","La Copita Ranch",1096.698,7,4.79,"S2N","2/10/2024",0,0,0,0,1,0,0,12,5,"Morning",0,0,1,1
"147","La Copita Ranch",1096.698,7,4.79,"S2N","2/10/2024",1,0,0,0,0,0,0,12,30,"Morning",0,0,1,0
"148","La Copita Ranch",1096.698,7,4.79,"S2N","2/10/2024",2,0,0,0,0,0,0,8,100,"Morning",240,87,2,0
"149","La Copita Ranch",1096.698,7,4.79,"S2N","2/10/2024",0,0,0,1,0,0,0,2,40,"Morning",60,35,1,1
"150","La Copita Ranch",1096.698,7,4.79,"S2N","2/10/2024",1,1,0,0,0,0,0,2,100,"Morning",60,87,2,0
"151","La Copita Ranch",1096.698,7,4.79,"S2N","2/10/2024",1,2,0,0,0,0,0,11,30,"Morning",330,15,3,0
"152","La Copita Ranch",1096.698,8,4.84,"N2S","2/10/2024",1,1,0,0,0,0,0,11,40,"Morning",150,20,2,0
"153","La Copita Ranch",1096.698,8,4.84,"N2S","2/10/2024",0,0,0,0,0,0,1,9,100,"Morning",90,100,1,0
"154","La Copita Ranch",1096.698,8,4.84,"N2S","2/10/2024",4,0,0,0,0,0,0,1,70,"Morning",210,35,4,0
"155","La Copita Ranch",1096.698,8,4.84,"N2S","2/10/2024",1,0,1,0,0,0,0,3,100,"Morning",270,100,2,1
"156","La Copita Ranch",1096.698,8,4.84,"N2S","2/10/2024",4,0,0,0,0,0,0,1,60,"Morning",210,30,4,0
"157","La Copita Ranch",1096.698,8,4.84,"N2S","2/10/2024",1,0,0,0,0,0,0,3,100,"Morning",270,100,1,0
"158","La Copita Ranch",1096.698,8,4.84,"N2S","2/10/2024",0,0,0,1,0,0,0,2,40,"Morning",240,35,1,1
"159","La Copita Ranch",1096.698,9,1.25,"S2N","2/10/2024",1,0,0,0,0,0,0,9,60,"Morning",270,60,1,0
"160","La Copita Ranch",1096.698,11,1.25,"S2N","2/10/2024",2,0,0,0,0,0,0,6,0,"Morning",180,0,2,0
"161","La Copita Ranch",1096.698,12,1.25,"N2S","2/10/2024",2,0,0,0,0,0,0,12,0,"Morning",180,0,2,0
"162","La Copita Ranch",1096.698,8,4.84,"N2S","9/6/2024",0,0,0,1,0,0,0,1,5,"Evening",210,2,1,1
"163","La Copita Ranch",1096.698,7,4.79,"S2N","9/6/2024",1,0,0,0,0,0,0,3,10,"Evening",90,10,1,0
"164","La Copita Ranch",1096.698,7,4.79,"S2N","9/6/2024",0,0,0,0,0,0,1,4,20,"Evening",120,17,1,0
"165","La Copita Ranch",1096.698,7,4.79,"S2N","9/6/2024",1,0,0,0,0,0,0,2,30,"Evening",60,26,1,0
"166","La Copita Ranch",1096.698,7,4.79,"S2N","9/6/2024",1,1,0,0,0,0,0,12,10,"Evening",0,0,2,0
"167","La Copita Ranch",1096.698,6,4.74,"N2S","9/6/2024",1,0,0,0,0,0,0,3,20,"Evening",270,20,1,0
"168","La Copita Ranch",1096.698,4,4.99,"N2S","9/6/2024",1,0,0,0,0,0,0,2,10,"Evening",240,9,1,0
"169","La Copita Ranch",1096.698,3,4.99,"S2N","9/6/2024",1,1,0,0,0,0,0,1,5,"Evening",30,2,2,0
"170","La Copita Ranch",1096.698,3,4.99,"S2N","9/6/2024",0,0,0,0,1,0,0,5,40,"Evening",150,20,1,1
"171","La Copita Ranch",1096.698,3,4.99,"S2N","9/6/2024",1,0,0,0,0,0,0,4,20,"Evening",120,17,1,0
"172","La Copita Ranch",1096.698,3,4.99,"S2N","9/6/2024",0,0,0,0,1,0,0,6,0,"Evening",180,0,1,1
"173","La Copita Ranch",1096.698,2,4.99,"N2S","9/6/2024",0,0,0,0,2,0,0,2,30,"Evening",240,26,2,2
"174","La Copita Ranch",1096.698,2,4.99,"N2S","9/6/2024",0,0,1,0,0,0,0,1,30,"Evening",210,15,1,1
"175","La Copita Ranch",1096.698,12,1.25,"N2S","9/6/2024",1,0,0,0,0,0,0,1,85,"Evening",210,42,1,0
"176","La Copita Ranch",1096.698,12,1.25,"N2S","9/6/2024",1,0,0,0,0,0,0,12,0,"Evening",180,0,1,0
"177","La Copita Ranch",1096.698,8,4.84,"N2S","9/6/2024",3,0,0,0,0,0,0,9,10,"Evening",90,10,3,0
"178","La Copita Ranch",1096.698,8,4.84,"N2S","9/6/2024",1,0,0,0,0,0,0,10,20,"Evening",120,17,1,0
"179","La Copita Ranch",1096.698,7,4.79,"S2N","9/6/2024",0,0,0,0,1,0,0,8,30,"Evening",240,26,1,1
"180","La Copita Ranch",1096.698,7,4.79,"S2N","9/6/2024",0,0,0,0,1,0,0,12,20,"Evening",0,0,1,1
"181","La Copita Ranch",1096.698,7,4.79,"S2N","9/6/2024",1,0,0,0,0,0,0,8,50,"Evening",240,43,1,0
"182","La Copita Ranch",1096.698,7,4.79,"S2N","9/6/2024",1,0,0,0,0,0,0,11,60,"Evening",330,30,1,0
"183","La Copita Ranch",1096.698,6,4.74,"N2S","9/6/2024",1,0,0,0,0,0,0,5,50,"Evening",330,25,1,0
"184","La Copita Ranch",1096.698,4,4.99,"N2S","9/6/2024",0,0,0,0,1,0,0,6,90,"Evening",0,0,1,1
"185","La Copita Ranch",1096.698,3,4.99,"S2N","9/6/2024",0,0,0,0,1,0,0,8,40,"Evening",240,35,1,1
"186","La Copita Ranch",1096.698,1,2.94,"S2N","9/7/2024",1,1,0,0,0,0,0,2,25,"Morning",60,22,2,0
"187","La Copita Ranch",1096.698,2,4.99,"N2S","9/7/2024",1,0,0,0,0,0,0,5,20,"Morning",330,10,1,0
"188","La Copita Ranch",1096.698,2,4.99,"N2S","9/7/2024",2,0,0,0,0,0,0,8,50,"Morning",60,43,2,0
"189","La Copita Ranch",1096.698,3,4.99,"S2N","9/7/2024",0,0,1,0,0,0,0,2,50,"Morning",60,43,1,1
"190","La Copita Ranch",1096.698,4,4.99,"N2S","9/7/2024",0,0,0,2,0,0,0,3,0,"Morning",270,0,2,2
"191","La Copita Ranch",1096.698,4,4.99,"N2S","9/7/2024",1,0,0,0,0,0,0,9,90,"Morning",90,90,1,0
"192","La Copita Ranch",1096.698,5,4.68,"S2N","9/7/2024",2,0,1,0,0,0,0,1,10,"Morning",30,5,3,1
"193","La Copita Ranch",1096.698,6,4.74,"N2S","9/7/2024",2,0,0,0,0,0,0,5,100,"Morning",330,50,2,0
"194","La Copita Ranch",1096.698,7,4.79,"S2N","9/7/2024",1,0,0,0,0,0,0,3,50,"Morning",90,50,1,0
"195","La Copita Ranch",1096.698,7,4.79,"S2N","9/7/2024",1,0,0,0,0,0,0,4,50,"Morning",120,43,1,0
"196","La Copita Ranch",1096.698,7,4.79,"S2N","9/7/2024",0,0,1,0,0,0,0,9,100,"Morning",270,100,1,1
"197","La Copita Ranch",1096.698,8,4.84,"N2S","9/7/2024",0,0,0,0,1,0,0,3,70,"Morning",270,70,1,1
"198","La Copita Ranch",1096.698,8,4.84,"N2S","9/7/2024",1,0,0,0,0,0,0,3,50,"Morning",270,50,1,0
"199","La Copita Ranch",1096.698,8,4.84,"N2S","9/7/2024",0,1,0,0,0,0,0,8,25,"Morning",60,22,1,0
"200","La Copita Ranch",1096.698,8,4.84,"N2S","9/7/2024",1,1,0,0,0,0,0,2,100,"Morning",240,87,2,0
"201","La Copita Ranch",1096.698,2,4.99,"N2S","9/7/2024",1,1,0,0,0,0,0,3,30,"Morning",270,30,2,0
"202","La Copita Ranch",1096.698,2,4.99,"N2S","9/7/2024",0,1,1,0,0,0,0,12,0,"Morning",180,0,2,1
"203","La Copita Ranch",1096.698,2,4.99,"N2S","9/7/2024",1,0,0,0,0,0,0,11,30,"Morning",150,15,1,0
"204","La Copita Ranch",1096.698,2,4.99,"N2S","9/7/2024",1,0,0,0,0,0,0,7,0,"Morning",30,0,1,0
"205","La Copita Ranch",1096.698,3,4.99,"S2N","9/7/2024",0,0,1,0,0,0,0,9,55,"Morning",270,55,1,1
"206","La Copita Ranch",1096.698,3,4.99,"S2N","9/7/2024",1,0,0,0,0,0,0,9,10,"Morning",270,10,1,0
"207","La Copita Ranch",1096.698,3,4.99,"S2N","9/7/2024",0,0,0,0,1,0,0,9,20,"Morning",270,20,1,1
"208","La Copita Ranch",1096.698,4,4.99,"N2S","9/7/2024",1,0,0,0,0,0,0,1,30,"Morning",210,15,1,0
"209","La Copita Ranch",1096.698,5,4.68,"S2N","9/7/2024",1,0,0,0,0,0,0,10,60,"Morning",300,52,1,0
"210","La Copita Ranch",1096.698,5,4.68,"S2N","9/7/2024",1,1,1,0,0,0,0,12,70,"Morning",0,0,3,1
"211","La Copita Ranch",1096.698,6,4.74,"N2S","9/7/2024",0,1,0,0,0,0,0,9,5,"Morning",90,5,1,0
"212","La Copita Ranch",1096.698,6,4.74,"N2S","9/7/2024",1,0,0,0,0,0,0,7,70,"Morning",30,35,1,0
"213","La Copita Ranch",1096.698,7,4.79,"S2N","9/7/2024",1,1,0,0,0,0,0,1,60,"Morning",30,30,2,0
"214","La Copita Ranch",1096.698,7,4.79,"S2N","9/7/2024",0,0,0,1,0,0,0,10,90,"Morning",300,78,1,1
"215","La Copita Ranch",1096.698,7,4.79,"S2N","9/7/2024",1,0,0,0,0,0,0,2,20,"Morning",60,17,1,0
"216","La Copita Ranch",1096.698,7,4.79,"S2N","9/7/2024",1,0,0,0,0,0,0,6,100,"Morning",180,0,1,0
"217","La Copita Ranch",1096.698,7,4.79,"S2N","9/7/2024",1,0,0,0,0,0,0,7,65,"Morning",210,32,1,0
"218","La Copita Ranch",1096.698,8,4.84,"N2S","9/7/2024",0,0,0,0,1,0,0,9,40,"Morning",90,40,1,1
"219","La Copita Ranch",1096.698,8,4.84,"N2S","9/7/2024",0,0,0,0,1,0,0,4,20,"Morning",300,17,1,1
"220","La Copita Ranch",1096.698,8,4.84,"N2S","9/7/2024",1,0,0,0,0,0,0,7,15,"Morning",30,7,1,0
"221","La Copita Ranch",1096.698,11,1.25,"S2N","9/7/2024",1,1,0,0,0,0,0,8,5,"Morning",240,4,2,0
"222","La Copita Ranch",1096.698,11,1.25,"S2N","9/7/2024",1,3,0,0,0,0,0,1,80,"Morning",30,40,4,0
"223","La Copita Ranch",1096.698,12,1.25,"N2S","9/7/2024",0,1,0,0,0,0,0,9,10,"Morning",90,10,1,0
"224","La Copita Ranch",1096.698,2,4.99,"N2S","2/7/2025",0,0,0,1,0,0,0,11,40,"Evening",150,20,1,1
"225","La Copita Ranch",1096.698,2,4.99,"N2S","2/7/2025",0,0,1,0,0,0,0,10,60,"Evening",120,52,1,1
"226","La Copita Ranch",1096.698,2,4.99,"N2S","2/7/2025",1,1,0,0,0,0,0,8,30,"Evening",60,26,2,0
"227","La Copita Ranch",1096.698,2,4.99,"N2S","2/7/2025",1,0,0,0,0,0,0,9,40,"Evening",90,40,1,0
"228","La Copita Ranch",1096.698,2,4.99,"N2S","2/7/2025",1,1,0,0,0,0,0,1,30,"Evening",210,15,2,0
"229","La Copita Ranch",1096.698,3,4.99,"S2N","2/7/2025",0,0,3,0,0,0,0,2,20,"Evening",60,17,3,3
"230","La Copita Ranch",1096.698,3,4.99,"S2N","2/7/2025",1,0,0,1,0,0,0,7,60,"Evening",210,30,2,1
"231","La Copita Ranch",1096.698,3,4.99,"S2N","2/7/2025",0,0,1,0,0,0,0,3,20,"Evening",90,20,1,1
"232","La Copita Ranch",1096.698,3,4.99,"S2N","2/7/2025",2,1,0,0,0,0,0,8,60,"Evening",240,52,3,0
"233","La Copita Ranch",1096.698,3,4.99,"S2N","2/7/2025",0,0,0,1,0,0,0,9,10,"Evening",270,10,1,1
"234","La Copita Ranch",1096.698,3,4.99,"S2N","2/7/2025",0,0,0,0,1,0,0,7,30,"Evening",210,15,1,1
"235","La Copita Ranch",1096.698,4,4.99,"N2S","2/7/2025",0,0,0,1,0,0,0,1,30,"Evening",210,15,1,1
"236","La Copita Ranch",1096.698,4,4.99,"N2S","2/7/2025",1,0,0,0,0,0,0,1,50,"Evening",210,25,1,0
"237","La Copita Ranch",1096.698,5,4.68,"S2N","2/7/2025",1,0,0,0,0,0,0,8,40,"Evening",240,35,1,0
"238","La Copita Ranch",1096.698,6,4.74,"N2S","2/7/2025",0,0,0,1,0,0,0,9,40,"Evening",90,40,1,1
"239","La Copita Ranch",1096.698,6,4.74,"N2S","2/7/2025",1,0,0,0,0,0,0,9,70,"Evening",90,70,1,0
"240","La Copita Ranch",1096.698,6,4.74,"N2S","2/7/2025",1,0,0,0,0,0,0,7,90,"Evening",30,45,1,0
"241","La Copita Ranch",1096.698,6,4.74,"N2S","2/7/2025",1,1,0,0,0,0,0,7,70,"Evening",30,35,2,0
"242","La Copita Ranch",1096.698,7,4.79,"S2N","2/7/2025",1,0,0,0,0,0,0,12,20,"Evening",0,0,1,0
"243","La Copita Ranch",1096.698,7,4.79,"S2N","2/7/2025",0,1,0,0,0,0,0,2,30,"Evening",60,26,1,0
"244","La Copita Ranch",1096.698,7,4.79,"S2N","2/7/2025",3,0,0,0,0,0,0,11,70,"Evening",330,35,3,0
"245","La Copita Ranch",1096.698,7,4.79,"S2N","2/7/2025",0,1,0,0,0,0,0,6,50,"Evening",180,0,1,0
"246","La Copita Ranch",1096.698,7,4.79,"S2N","2/7/2025",0,0,0,1,0,0,0,7,80,"Evening",210,40,1,1
"247","La Copita Ranch",1096.698,8,4.84,"N2S","2/7/2025",2,0,0,0,0,0,0,10,50,"Evening",120,43,2,0
"248","La Copita Ranch",1096.698,10,1.25,"N2S","2/7/2025",1,0,0,0,0,0,0,9,30,"Evening",90,30,1,0
"249","La Copita Ranch",1096.698,10,1.25,"N2S","2/7/2025",0,0,1,0,0,0,0,11,60,"Evening",150,30,1,1
"250","La Copita Ranch",1096.698,12,1.25,"N2S","2/7/2025",2,0,0,0,0,0,0,1,10,"Evening",210,5,2,0
"251","La Copita Ranch",1096.698,2,4.99,"N2S","2/7/2025",2,0,0,0,0,0,1,3,30,"Evening",270,30,3,0
"252","La Copita Ranch",1096.698,2,4.99,"N2S","2/7/2025",3,0,0,0,0,0,0,2,70,"Evening",240,61,3,0
"253","La Copita Ranch",1096.698,2,4.99,"N2S","2/7/2025",1,0,0,0,0,0,0,4,90,"Evening",300,78,1,0
"254","La Copita Ranch",1096.698,3,4.99,"S2N","2/7/2025",2,0,0,0,0,0,0,3,50,"Evening",90,50,2,0
"255","La Copita Ranch",1096.698,3,4.99,"S2N","2/7/2025",0,0,0,0,0,0,2,3,30,"Evening",90,30,2,0
"256","La Copita Ranch",1096.698,4,4.99,"N2S","2/7/2025",0,0,1,0,0,0,0,2,60,"Evening",240,52,1,1
"257","La Copita Ranch",1096.698,5,4.68,"S2N","2/7/2025",0,0,1,0,0,0,0,4,50,"Evening",120,43,1,1
"258","La Copita Ranch",1096.698,5,4.68,"S2N","2/7/2025",1,1,0,0,0,0,0,3,30,"Evening",90,30,2,0
"259","La Copita Ranch",1096.698,6,4.74,"N2S","2/7/2025",0,0,0,0,1,0,0,3,40,"Evening",270,40,1,1
"260","La Copita Ranch",1096.698,7,4.79,"S2N","2/7/2025",0,0,1,0,0,0,0,12,10,"Evening",0,0,1,1
"261","La Copita Ranch",1096.698,7,4.79,"S2N","2/7/2025",1,0,0,0,0,0,0,3,30,"Evening",90,30,1,0
"262","La Copita Ranch",1096.698,7,4.79,"S2N","2/7/2025",1,0,0,0,0,0,0,3,50,"Evening",90,50,1,0
"263","La Copita Ranch",1096.698,7,4.79,"S2N","2/7/2025",1,1,0,0,0,0,0,2,50,"Evening",60,43,2,0
"264","La Copita Ranch",1096.698,7,4.79,"S2N","2/7/2025",1,1,0,0,0,0,0,1,60,"Evening",30,30,2,0
"265","La Copita Ranch",1096.698,9,1.25,"S2N","2/7/2025",2,0,0,0,0,0,0,3,50,"Evening",90,50,2,0
"266","La Copita Ranch",1096.698,10,1.25,"N2S","2/7/2025",0,0,0,0,0,0,2,4,30,"Evening",300,26,2,0
"267","La Copita Ranch",1096.698,2,4.99,"N2S","2/8/2025",2,0,0,0,0,0,0,3,80,"Morning",270,80,2,0
"268","La Copita Ranch",1096.698,2,4.99,"N2S","2/8/2025",0,1,0,0,0,0,0,9,0,"Morning",90,0,1,0
"269","La Copita Ranch",1096.698,2,4.99,"N2S","2/8/2025",1,0,0,0,0,0,0,6,10,"Morning",0,0,1,0
"270","La Copita Ranch",1096.698,2,4.99,"N2S","2/8/2025",1,1,0,0,0,0,0,2,30,"Morning",240,26,2,0
"271","La Copita Ranch",1096.698,3,4.99,"S2N","2/8/2025",0,0,3,0,0,0,0,3,10,"Morning",90,10,3,3
"272","La Copita Ranch",1096.698,3,4.99,"S2N","2/8/2025",0,0,0,1,0,0,0,2,90,"Morning",60,78,1,1
"273","La Copita Ranch",1096.698,3,4.99,"S2N","2/8/2025",2,0,0,0,0,0,0,2,100,"Morning",60,87,2,0
"274","La Copita Ranch",1096.698,3,4.99,"S2N","2/8/2025",1,1,0,0,0,0,0,3,50,"Morning",90,50,2,0
"275","La Copita Ranch",1096.698,4,4.99,"N2S","2/8/2025",1,1,0,0,0,0,0,9,90,"Morning",90,90,2,0
"276","La Copita Ranch",1096.698,5,4.68,"S2N","2/8/2025",0,0,0,1,0,0,0,3,100,"Morning",90,100,1,1
"277","La Copita Ranch",1096.698,5,4.68,"S2N","2/8/2025",2,1,0,0,0,0,0,2,80,"Morning",60,69,3,0
"278","La Copita Ranch",1096.698,6,4.74,"N2S","2/8/2025",0,0,0,1,0,0,0,12,10,"Morning",180,0,1,1
"279","La Copita Ranch",1096.698,7,4.79,"S2N","2/8/2025",3,0,1,0,0,0,0,2,40,"Morning",60,35,4,1
"280","La Copita Ranch",1096.698,7,4.79,"S2N","2/8/2025",0,1,0,0,0,0,0,9,20,"Morning",270,20,1,0
"281","La Copita Ranch",1096.698,7,4.79,"S2N","2/8/2025",1,0,0,0,0,0,0,3,30,"Morning",90,30,1,0
"282","La Copita Ranch",1096.698,8,4.84,"N2S","2/8/2025",3,0,0,0,0,0,0,1,50,"Morning",210,25,3,0
"283","La Copita Ranch",1096.698,8,4.84,"N2S","2/8/2025",0,0,0,1,0,0,0,1,30,"Morning",210,15,1,1
"284","La Copita Ranch",1096.698,8,4.84,"N2S","2/8/2025",1,0,0,0,0,0,0,3,40,"Morning",270,40,1,0
"285","La Copita Ranch",1096.698,8,4.84,"N2S","2/8/2025",1,0,0,0,0,0,0,3,90,"Morning",270,90,1,0
"286","La Copita Ranch",1096.698,8,4.84,"N2S","2/8/2025",0,0,1,0,0,0,0,1,100,"Morning",210,50,1,1
"287","La Copita Ranch",1096.698,10,1.25,"N2S","2/8/2025",2,1,0,0,0,0,0,11,40,"Morning",150,20,3,0
"288","La Copita Ranch",1096.698,10,1.25,"N2S","2/8/2025",1,0,0,0,1,0,0,10,3,"Morning",120,3,2,1
"289","La Copita Ranch",1096.698,11,1.25,"S2N","2/8/2025",1,0,0,1,0,0,0,2,80,"Morning",60,69,2,1
"290","La Copita Ranch",1096.698,12,1.25,"N2S","2/8/2025",3,0,0,0,0,0,0,3,50,"Morning",270,50,3,0
"291","La Copita Ranch",1096.698,1,2.94,"S2N","2/8/2025",0,0,1,0,0,0,0,6,30,"Morning",180,0,1,1
"292","La Copita Ranch",1096.698,1,2.94,"S2N","2/8/2025",2,1,0,0,0,0,0,7,75,"Morning",210,37,3,0
"293","La Copita Ranch",1096.698,1,2.94,"S2N","2/8/2025",1,0,0,0,0,0,0,10,50,"Morning",300,43,1,0
"294","La Copita Ranch",1096.698,2,4.99,"N2S","2/8/2025",1,1,0,0,0,0,0,9,40,"Morning",90,40,2,0
"295","La Copita Ranch",1096.698,2,4.99,"N2S","2/8/2025",1,1,0,0,0,0,0,10,30,"Morning",120,26,2,0
"296","La Copita Ranch",1096.698,2,4.99,"N2S","2/8/2025",2,0,0,0,0,0,0,11,70,"Morning",150,35,2,0
"297","La Copita Ranch",1096.698,2,4.99,"N2S","2/8/2025",1,1,0,0,0,0,0,1,70,"Morning",210,35,2,0
"298","La Copita Ranch",1096.698,2,4.99,"N2S","2/8/2025",1,1,0,0,0,0,0,5,80,"Morning",330,40,2,0
"299","La Copita Ranch",1096.698,2,4.99,"N2S","2/8/2025",1,0,0,0,0,0,0,10,40,"Morning",120,35,1,0
"300","La Copita Ranch",1096.698,2,4.99,"N2S","2/8/2025",1,1,0,0,0,0,0,8,50,"Morning",60,43,2,0
"301","La Copita Ranch",1096.698,2,4.99,"N2S","2/8/2025",1,0,0,0,0,0,0,9,10,"Morning",90,10,1,0
"302","La Copita Ranch",1096.698,3,4.99,"S2N","2/8/2025",0,1,0,0,0,0,0,12,20,"Morning",0,0,1,0
"303","La Copita Ranch",1096.698,3,4.99,"S2N","2/8/2025",0,0,2,0,0,0,0,10,40,"Morning",300,35,2,2
"304","La Copita Ranch",1096.698,3,4.99,"S2N","2/8/2025",0,0,1,0,0,0,0,9,30,"Morning",270,30,1,1
"305","La Copita Ranch",1096.698,3,4.99,"S2N","2/8/2025",1,1,0,0,0,0,0,9,100,"Morning",270,100,2,0
"306","La Copita Ranch",1096.698,3,4.99,"S2N","2/8/2025",0,0,1,0,0,0,0,8,60,"Morning",240,52,1,1
"307","La Copita Ranch",1096.698,4,4.99,"N2S","2/8/2025",2,1,0,0,0,0,0,10,40,"Morning",120,35,3,0
"308","La Copita Ranch",1096.698,4,4.99,"N2S","2/8/2025",1,1,0,0,0,0,0,9,70,"Morning",90,70,2,0
"309","La Copita Ranch",1096.698,4,4.99,"N2S","2/8/2025",1,1,0,0,0,0,0,9,20,"Morning",90,20,2,0
"310","La Copita Ranch",1096.698,4,4.99,"N2S","2/8/2025",1,0,0,0,0,0,0,8,20,"Morning",60,17,1,0
"311","La Copita Ranch",1096.698,4,4.99,"N2S","2/8/2025",1,0,0,0,0,0,0,7,40,"Morning",30,20,1,0
"312","La Copita Ranch",1096.698,5,4.68,"S2N","2/8/2025",1,0,0,0,0,0,0,9,90,"Morning",270,90,1,0
"313","La Copita Ranch",1096.698,5,4.68,"S2N","2/8/2025",1,1,0,0,0,0,0,7,80,"Morning",210,40,2,0
"314","La Copita Ranch",1096.698,5,4.68,"S2N","2/8/2025",0,0,1,0,0,0,0,12,40,"Morning",0,0,1,1
"315","La Copita Ranch",1096.698,6,4.74,"N2S","2/8/2025",1,1,0,0,0,0,0,12,20,"Morning",180,0,2,0
"316","La Copita Ranch",1096.698,6,4.74,"N2S","2/8/2025",0,0,0,0,1,0,0,10,20,"Morning",120,17,1,1
"317","La Copita Ranch",1096.698,6,4.74,"N2S","2/8/2025",1,1,0,0,0,0,0,11,30,"Morning",150,15,2,0
"318","La Copita Ranch",1096.698,7,4.79,"S2N","2/8/2025",2,1,0,0,0,0,0,11,10,"Morning",330,5,3,0
"319","La Copita Ranch",1096.698,7,4.79,"S2N","2/8/2025",2,0,0,0,0,0,0,10,20,"Morning",300,17,2,0
"320","La Copita Ranch",1096.698,7,4.79,"S2N","2/8/2025",1,0,0,0,0,0,0,12,20,"Morning",0,0,1,0
"321","La Copita Ranch",1096.698,7,4.79,"S2N","2/8/2025",1,1,0,0,0,0,0,7,60,"Morning",210,30,2,0
"322","La Copita Ranch",1096.698,7,4.79,"S2N","2/8/2025",0,0,1,0,0,0,0,9,25,"Morning",270,25,1,1
"323","La Copita Ranch",1096.698,7,4.79,"S2N","2/8/2025",2,1,0,0,0,0,0,9,90,"Morning",270,90,3,0
"324","La Copita Ranch",1096.698,7,4.79,"S2N","2/8/2025",1,0,0,0,0,0,0,8,20,"Morning",240,17,1,0
"325","La Copita Ranch",1096.698,7,4.79,"S2N","2/8/2025",0,0,0,0,1,0,0,8,15,"Morning",240,13,1,1
"326","La Copita Ranch",1096.698,8,4.84,"N2S","2/8/2025",0,0,2,0,0,0,0,7,60,"Morning",30,30,2,2
"327","La Copita Ranch",1096.698,8,4.84,"N2S","2/8/2025",5,0,0,0,0,0,0,11,50,"Morning",150,25,5,0
"328","La Copita Ranch",1096.698,8,4.84,"N2S","2/8/2025",1,0,0,0,0,0,0,8,0,"Morning",60,0,1,0
